Monte,Las Dunas,Av. Faro Recalada 1216,2921-482884
Monte,Las Dunas,Av. Faro Recalada 1216,2921-482884
Monte,Valle Encantado,Valle Encantado 156,2921-482222
Monte,De la Costa,Av. Argentina 50,2921-481884
Monte,Monte Hermoso,Pedro de Mendoza 244,2921-481216
Monte,Las Dunas,Av. Faro Recalada 1216,2921-482884
Monte,Valle Encantado,Valle Encantado 156,2921-482222
Monte,Valle Encantado,Valle Encantado 156,2921-482222
Monte,Valle Encantado,Valle Encantado 156,2921-482222
Monte,De la Costa,Av. Argentina 50,2921-481884
Monte,Monte Hermoso,Pedro de Mendoza 244,2921-481216
Monte,Las Dunas,Av. Faro Recalada 1216,2921-482884
Monte,Valle Encantado,Valle Encantado 156,2921-482222
Monte,De la Costa,Av. Argentina 50,2921-481884
Monte,De la Costa,Av. Argentina 50,2921-481884
Monte,De la Costa,Av. Argentina 50,2921-481884
Monte,Monte Hermoso,Pedro de Mendoza 244,2921-481216
Monte,Las Dunas,Av. Faro Recalada 1216,2921-482884
Monte,Valle Encantado,Valle Encantado 156,2921-482222
Monte,De la Costa,Av. Argentina 50,2921-481884
Monte,Monte Hermoso,Pedro de Mendoza 244,2921-481216
Monte,Monte Hermoso,Pedro de Mendoza 244,2921-481216
Monte,Monte Hermoso,Pedro de Mendoza 244,2921-481216
Monte,Las Dunas,Av. Faro Recalada 1216,2921-482884
Monte,Valle Encantado,Valle Encantado 156,2921-482222
Monte,De la Costa,Av. Argentina 50,2921-481884
Monte,Monte Hermoso,Pedro de Mendoza 244,2921-481216
Monte,Las Dunas,Av. Faro Recalada 1216,2921-482884
Monte,Las Dunas,Av. Faro Recalada 1216,2921-482884
Monte,Las Dunas,Av. Faro Recalada 1216,2921-482884
Monte,Valle Encantado,Valle Encantado 156,2921-482222       
Monte,De la Costa,Av. Argentina 50,2921-481884
Monte,Monte Hermoso,Pedro de Mendoza 244,2921-481216
Monte,Las Dunas,Av. Faro Recalada 1216,2921-482884
Monte,Valle Encantado,Valle Encantado 156,2921-482222
Monte,Valle Encantado,Valle Encantado 156,2921-482222
Monte,Valle Encantado,Valle Encantado 156,2921-482222
Monte,De la Costa,Av. Argentina 50,2921-481884
Monte,Monte Hermoso,Pedro de Mendoza 244,2921-481216
Monte,Las Dunas,Av. Faro Recalada 1216,2921-482884
Monte,Valle Encantado,Valle Encantado 156,2921-482222
Monte,De la Costa,Av. Argentina 50,2921-481884
Monte,De la Costa,Av. Argentina 50,2921-481884
Monte,De la Costa,Av. Argentina 50,2921-481884
Monte,Monte Hermoso,Pedro de Mendoza 244,2921-481216
Monte,Las Dunas,Av. Faro Recalada 1216,2921-482884
Monte,Valle Encantado,Valle Encantado 156,2921-482222
Monte,De la Costa,Av. Argentina 50,2921-481884
Monte,Monte Hermoso,Pedro de Mendoza 244,2921-481216
Monte,Monte Hermoso,Pedro de Mendoza 244,2921-481216
Monte,Monte Hermoso,Pedro de Mendoza 244,2921-481216
Monte,Las Dunas,Av. Faro Recalada 1216,2921-482884
Monte,Valle Encantado,Valle Encantado 156,2921-482222
Monte,De la Costa,Av. Argentina 50,2921-481884
Monte,Monte Hermoso,Pedro de Mendoza 244,2921-481216
Monte,Las Dunas,Av. Faro Recalada 1216,2921-482884
Monte,Las Dunas,Av. Faro Recalada 1216,2921-482884
Monte,Las Dunas,Av. Faro Recalada 1216,2921-482884
Monte,Valle Encantado,Valle Encantado 156,2921-482222
Monte,De la Costa,Av. Argentina 50,2921-481884
Monte,Monte Hermoso,Pedro de Mendoza 244,2921-481216  
Monte,Las Dunas,Av. Faro Recalada 1216,2921-482884    
Monte,Valle Encantado,Valle Encantado 156,2921-482222
Monte,Valle Encantado,Valle Encantado 156,2921-482222
Monte,Valle Encantado,Valle Encantado 156,2921-482222
Monte,De la Costa,Av. Argentina 50,2921-481884
Monte,Monte Hermoso,Pedro de Mendoza 244,2921-481216
Monte,Las Dunas,Av. Faro Recalada 1216,2921-482884
Monte,Valle Encantado,Valle Encantado 156,2921-482222
Monte,De la Costa,Av. Argentina 50,2921-481884
Monte,De la Costa,Av. Argentina 50,2921-481884
Monte,De la Costa,Av. Argentina 50,2921-481884
Monte,Monte Hermoso,Pedro de Mendoza 244,2921-481216
Monte,Las Dunas,Av. Faro Recalada 1216,2921-482884
Monte,Valle Encantado,Valle Encantado 156,2921-482222
Monte,De la Costa,Av. Argentina 50,2921-481884
Monte,Monte Hermoso,Pedro de Mendoza 244,2921-481216
Monte,Monte Hermoso,Pedro de Mendoza 244,2921-481216
Monte,Monte Hermoso,Pedro de Mendoza 244,2921-481216
Monte,Las Dunas,Av. Faro Recalada 1216,2921-482884
Monte,Valle Encantado,Valle Encantado 156,2921-482222
Monte,De la Costa,Av. Argentina 50,2921-481884
Monte,Monte Hermoso,Pedro de Mendoza 244,2921-481216
Monte,Las Dunas,Av. Faro Recalada 1216,2921-482884
Monte,Las Dunas,Av. Faro Recalada 1216,2921-482884
Monte,Las Dunas,Av. Faro Recalada 1216,2921-482884
Monte,Valle Encantado,Valle Encantado 156,2921-482222
Monte,De la Costa,Av. Argentina 50,2921-481884
Monte,Monte Hermoso,Pedro de Mendoza 244,2921-481216
Monte,Las Dunas,Av. Faro Recalada 1216,2921-482884
Monte,Valle Encantado,Valle Encantado 156,2921-482222
Monte,Valle Encantado,Valle Encantado 156,2921-482222  
Monte,Valle Encantado,Valle Encantado 156,2921-482222
Monte,De la Costa,Av. Argentina 50,2921-481884
Monte,Monte Hermoso,Pedro de Mendoza 244,2921-481216
Monte,Las Dunas,Av. Faro Recalada 1216,2921-482884
Monte,Valle Encantado,Valle Encantado 156,2921-482222
Monte,De la Costa,Av. Argentina 50,2921-481884
Monte,De la Costa,Av. Argentina 50,2921-481884
Monte,De la Costa,Av. Argentina 50,2921-481884
Monte,Monte Hermoso,Pedro de Mendoza 244,2921-481216
Monte,Las Dunas,Av. Faro Recalada 1216,2921-482884
Monte,Valle Encantado,Valle Encantado 156,2921-482222
Monte,De la Costa,Av. Argentina 50,2921-481884
Monte,Monte Hermoso,Pedro de Mendoza 244,2921-481216
Monte,Monte Hermoso,Pedro de Mendoza 244,2921-481216
Monte,Monte Hermoso,Pedro de Mendoza 244,2921-481216
Monte,Las Dunas,Av. Faro Recalada 1216,2921-482884
Monte,Valle Encantado,Valle Encantado 156,2921-482222
Monte,De la Costa,Av. Argentina 50,2921-481884
Monte,Monte Hermoso,Pedro de Mendoza 244,2921-481216
Monte,Las Dunas,Av. Faro Recalada 1216,2921-482884
Monte,Las Dunas,Av. Faro Recalada 1216,2921-482884
Monte,Las Dunas,Av. Faro Recalada 1216,2921-482884
Monte,Valle Encantado,Valle Encantado 156,2921-482222
Monte,De la Costa,Av. Argentina 50,2921-481884
Monte,Monte Hermoso,Pedro de Mendoza 244,2921-481216
Monte,Las Dunas,Av. Faro Recalada 1216,2921-482884
Monte,Valle Encantado,Valle Encantado 156,2921-482222
Monte,Valle Encantado,Valle Encantado 156,2921-482222
Monte,Valle Encantado,Valle Encantado 156,2921-482222
Monte,De la Costa,Av. Argentina 50,2921-481884
Monte,Monte Hermoso,Pedro de Mendoza 244,2921-481216    
Monte,Las Dunas,Av. Faro Recalada 1216,2921-482884
Monte,Valle Encantado,Valle Encantado 156,2921-482222
Monte,De la Costa,Av. Argentina 50,2921-481884
Monte,De la Costa,Av. Argentina 50,2921-481884
Monte,De la Costa,Av. Argentina 50,2921-481884
Monte,Monte Hermoso,Pedro de Mendoza 244,2921-481216
Monte,Las Dunas,Av. Faro Recalada 1216,2921-482884
Monte,Valle Encantado,Valle Encantado 156,2921-482222
Monte,De la Costa,Av. Argentina 50,2921-481884
Monte,Monte Hermoso,Pedro de Mendoza 244,2921-481216
Monte,Monte Hermoso,Pedro de Mendoza 244,2921-481216
Monte,Monte Hermoso,Pedro de Mendoza 244,2921-481216
Monte,Las Dunas,Av. Faro Recalada 1216,2921-482884
Monte,Valle Encantado,Valle Encantado 156,2921-482222
Monte,De la Costa,Av. Argentina 50,2921-481884
Monte,Monte Hermoso,Pedro de Mendoza 244,2921-481216
Monte,Las Dunas,Av. Faro Recalada 1216,2921-482884
Monte,Las Dunas,Av. Faro Recalada 1216,2921-482884
Monte,Las Dunas,Av. Faro Recalada 1216,2921-482884
Monte,Valle Encantado,Valle Encantado 156,2921-482222
Monte,De la Costa,Av. Argentina 50,2921-481884
Monte,Monte Hermoso,Pedro de Mendoza 244,2921-481216
Monte,Las Dunas,Av. Faro Recalada 1216,2921-482884
Monte,Valle Encantado,Valle Encantado 156,2921-482222
Monte,Valle Encantado,Valle Encantado 156,2921-482222
Monte,Valle Encantado,Valle Encantado 156,2921-482222
Monte,De la Costa,Av. Argentina 50,2921-481884
Monte,Monte Hermoso,Pedro de Mendoza 244,2921-481216
Monte,Las Dunas,Av. Faro Recalada 1216,2921-482884
Monte,Valle Encantado,Valle Encantado 156,2921-482222
Dorrego,Pasteur,Yrigoyen 665,2921-452625
Dorrego,Perez,Santagada 855,2921-405130
Dorrego,San Lorenzo,Av. Santagada 515,2921-453545
Dorrego,San Luis,Av. Fuertes 520,2921-406604
Dorrego,Uslenghi,Av. Santagada 1201,2921-405800 / 452886
